url_length,dot_count,slash_count,hyphen_count,at_symbol,double_slash,has_port,has_https,has_ip_address,has_encoding,subdomain_depth,is_shortener,tld_suspicious,keyword_count,digit_ratio,qr_trick_count,label,url
41,2,3,0,0,0,0,1,0,0,0,0,0,0,0.0,0,0,https://www.wikipedia.org/search?q=python
23,2,2,0,0,0,0,1,0,0,0,0,0,0,0.0,0,0,https://www.spotify.com
43,2,5,0,0,0,0,1,0,0,0,0,0,1,0.0,0,0,https://www.icicibank.com/blog/2026/article
37,2,3,0,0,0,0,1,0,0,0,0,0,1,0.0,0,0,https://www.apple.com/search?q=python
39,3,3,0,0,0,0,1,0,0,2,0,0,1,0.16666666666666666,0,1,https://instagram.com.p912l3.net/verify
32,2,3,0,0,0,0,1,0,0,0,0,0,0,0.0,0,0,https://www.nytimes.com/products
24,2,3,0,0,0,0,1,0,0,0,0,0,0,0.0,0,0,https://www.jio.com/help
31,2,3,0,0,0,0,1,0,0,0,0,0,0,0.0,0,0,https://www.swiggy.com/products
32,2,3,0,0,0,0,1,0,0,1,0,0,2,0.0,0,0,https://secure.emudhra.com/login
52,1,3,2,0,0,0,1,0,0,0,0,0,3,0.0,0,1,https://verify-hdfc-account.club/confirm?user=hp93rb
25,2,2,0,0,0,0,1,0,0,0,0,0,0,0.0,0,0,https://www.wikipedia.org
39,2,3,1,0,0,0,0,0,0,1,0,0,5,0.0,0,1,http://applesecure.bank-update.ga/login
28,2,3,0,0,0,0,1,0,0,0,0,0,0,0.0,0,0,https://www.myntra.com/about
44,2,4,1,0,0,0,1,0,0,1,0,0,2,0.0,0,0,https://uidai.gov.in/account/confirm-payment
41,1,4,1,0,0,0,1,0,0,0,0,0,2,0.0,0,0,https://figma.com/account/confirm-payment
30,3,3,0,0,0,0,1,0,0,2,0,0,2,0.0,0,0,https://secure.sbi.co.in/login
33,1,3,1,0,0,0,1,0,0,0,1,0,2,0.0,0,1,https://paytm-support.com/account
49,1,3,1,0,0,0,1,0,0,0,1,0,2,0.0,0,0,https://microsoft.com/verify-email?token=77mnkd6g
28,3,2,0,0,0,0,1,0,0,1,0,0,0,0.0,0,0,https://www.incometax.gov.in
30,1,3,0,0,0,0,1,0,0,0,0,0,2,0.0,0,1,https://appleonline.info/login
23,2,3,0,0,0,0,1,0,0,0,0,0,0,0.0,0,0,https://www.nic.in/help
57,1,3,2,0,0,0,1,0,0,0,0,0,3,0.0,0,1,https://verify-instagram-account.club/confirm?user=49s936
37,3,3,0,0,0,0,1,0,0,2,0,0,2,0.045454545454545456,0,1,https://netflix.com.wfvh8k.net/verify
38,2,3,0,0,0,0,1,0,0,0,0,0,0,0.0,0,0,https://www.stackoverflow.com/products
45,1,4,2,0,0,0,0,0,0,0,0,0,4,0.0,0,1,http://google-login-verify.xyz/account/update
48,4,3,1,0,0,0,0,0,0,3,0,0,3,0.05714285714285714,0,1,http://utsslq.18rn.google.suspend-alert.cf/login
44,1,4,2,0,0,0,0,0,0,0,0,0,4,0.0,0,1,http://icici-login-verify.xyz/account/update
38,2,3,0,0,0,0,1,0,0,1,0,0,2,0.0,0,0,https://secure.stackoverflow.com/login
33,2,3,0,0,0,0,1,0,0,1,0,0,2,0.0,0,0,https://accounts.airtel.in/signin
31,2,3,0,0,0,0,1,0,0,1,0,0,2,0.0,0,0,https://accounts.jio.com/signin
30,1,3,0,0,0,0,1,0,0,0,0,0,1,0.0,0,1,https://paytmonline.info/login
51,1,3,2,0,0,0,1,0,0,0,0,0,3,0.0,0,1,https://verify-sbi-account.club/confirm?user=xs9jyr
27,2,3,0,0,0,0,1,0,0,0,0,0,0,0.0,0,0,https://www.github.com/help
20,1,3,0,0,0,0,0,0,0,0,1,0,0,0.0,0,1,http://bit.ly/k4q652
47,1,4,2,0,0,0,0,0,0,0,0,0,4,0.0,0,1,http://flipkart-login-verify.xyz/account/update
29,2,3,0,0,0,0,1,0,0,0,0,0,0,0.0,0,0,https://www.dropbox.com/about
39,2,3,0,0,0,0,1,0,0,0,0,0,0,0.0,0,0,https://www.emudhra.com/search?q=python
31,2,3,0,0,0,0,1,0,0,1,0,0,2,0.0,0,0,https://accounts.zoom.us/signin
53,1,3,2,0,0,0,1,0,0,0,0,0,4,0.0,0,1,https://verify-apple-account.club/confirm?user=4fbt1k
20,1,3,0,0,0,0,0,0,0,0,1,0,0,0.0,0,1,http://bit.ly/fy2gmr
38,2,3,1,0,0,0,0,0,0,1,0,0,3,0.0,0,1,http://google.secure-confirm.tk/signin
37,3,3,0,0,0,0,1,0,0,2,0,0,2,0.09090909090909091,0,1,https://netflix.com.5zpy1i.net/verify
34,2,3,0,0,0,0,1,0,0,1,1,0,3,0.0,0,0,https://secure.microsoft.com/login
33,3,3,0,0,0,0,1,0,0,2,0,0,1,0.05555555555555555,0,1,https://sbi.com.gcts8d.net/verify
20,1,3,0,0,0,0,0,0,0,0,1,0,0,0.0,0,1,http://bit.ly/2t2xrj
39,2,4,1,0,0,0,1,0,0,1,0,0,1,0.0,0,0,https://api.figma.com/v2/update-profile
32,2,3,0,0,0,0,1,0,0,0,0,0,0,0.0,0,0,https://www.salesforce.com/about
33,1,3,1,0,0,0,1,0,0,0,1,0,2,0.0,0,1,https://icici-support.com/account
21,1,2,0,0,0,0,1,0,0,0,0,0,1,0.0,0,0,https://icicibank.com
43,1,4,1,0,0,0,1,0,0,0,0,0,2,0.0,0,0,https://spotify.com/account/confirm-payment
20,1,3,0,0,0,0,0,0,0,0,1,0,0,0.0,0,1,http://bit.ly/n9pvuu
31,2,3,0,0,0,0,1,0,0,0,0,0,1,0.0,0,0,https://www.icicibank.com/about
38,2,3,1,0,0,0,0,0,0,1,0,0,4,0.0,0,1,http://paypal.secure-confirm.tk/signin
24,2,3,0,0,0,0,1,0,0,0,0,0,0,0.0,0,0,https://www.zoom.us/docs
54,1,3,2,0,0,0,1,0,0,0,0,0,4,0.0,0,1,https://verify-amazon-account.club/confirm?user=3k1y6a
37,3,4,0,0,0,0,0,1,0,2,0,0,1,0.8,1,1,http://192.168.115.172/login/flipkart
19,1,2,0,0,0,0,1,0,0,0,0,0,0,0.0,0,0,https://dropbox.com
25,1,3,1,0,0,0,1,0,0,0,0,0,1,0.0,0,1,https://my-sbi.net/signin
27,2,3,0,0,0,0,1,0,0,0,0,0,0,0.0,0,0,https://www.swiggy.com/help
36,2,5,0,0,0,0,1,0,0,0,0,0,0,0.0,0,0,https://www.nic.in/blog/2026/article
37,3,4,0,0,0,0,1,0,0,0,0,0,0,0.0,0,0,https://www.spotify.com/en/index.html
35,3,4,0,0,0,0,1,0,0,0,0,0,1,0.0,0,0,https://www.apple.com/en/index.html
50,4,3,1,0,0,0,0,0,0,3,0,0,3,0.05405405405405406,0,1,http://lzmry6.l9de.flipkart.suspend-alert.cf/login
24,3,2,0,0,0,0,1,0,0,1,0,0,0,0.0,0,0,https://www.uidai.gov.in
41,2,3,1,0,0,0,0,0,0,1,0,0,4,0.0,0,1,http://microsoft.secure-confirm.tk/signin
38,3,4,0,0,0,0,1,0,0,0,1,0,0,0.0,0,0,https://www.flipkart.com/en/index.html
36,3,4,0,0,0,0,1,0,0,0,0,0,0,0.0,0,0,https://www.github.com/en/index.html
30,2,3,0,0,0,0,1,0,0,0,1,0,0,0.0,0,0,https://www.flipkart.com/about
20,1,3,0,0,0,0,0,0,0,0,1,0,0,0.0,0,1,http://bit.ly/c6kpr3
30,1,3,1,0,0,0,1,0,0,0,0,0,1,0.0,0,1,https://my-flipkart.net/signin
29,2,3,0,0,0,0,1,0,0,0,1,0,0,0.0,0,0,https://www.flipkart.com/docs
54,1,3,2,0,0,0,1,0,0,0,0,0,4,0.0,0,1,https://verify-amazon-account.club/confirm?user=f4s0jz
38,4,4,0,0,0,0,1,0,0,1,0,0,0,0.0,0,0,https://www.uidai.gov.in/en/index.html
27,1,3,1,0,0,0,1,0,0,0,0,0,1,0.0,0,1,https://my-paytm.net/signin
28,2,3,0,0,0,0,1,0,0,0,0,0,0,0.0,0,0,https://www.zomato.com/about
39,2,3,1,0,0,0,0,0,0,1,0,0,4,0.0,0,1,http://netflix.secure-confirm.tk/signin
35,1,3,1,0,0,0,1,0,0,0,1,0,3,0.0,0,1,https://netflix-support.com/account
48,4,3,1,0,0,0,0,0,0,3,0,0,3,0.11428571428571428,0,1,http://606dvb.jej6.google.suspend-alert.cf/login
20,1,3,0,0,0,0,0,0,0,0,1,0,0,0.0,0,1,http://bit.ly/i147oy
33,2,3,0,0,0,0,1,0,0,0,1,0,0,0.0,0,0,https://www.flipkart.com/products
43,2,4,1,0,0,0,1,0,0,1,0,0,2,0.0,0,0,https://irctc.co.in/account/confirm-payment
27,2,3,0,0,0,0,1,0,0,0,0,0,0,0.0,0,0,https://www.nic.in/products
24,2,2,0,0,0,0,1,0,0,0,0,0,0,0.0,0,0,https://www.linkedin.com
31,1,3,0,0,0,0,1,0,0,0,0,0,2,0.0,0,1,https://paypalonline.info/login
36,1,3,1,0,0,0,1,0,0,0,1,0,2,0.0,0,1,https://flipkart-support.com/account
41,2,5,0,0,0,0,1,0,0,0,0,0,1,0.0,0,0,https://www.netflix.com/blog/2026/article
38,2,4,0,0,0,0,1,0,0,0,0,0,0,0.0,0,0,https://www.linkedin.com/user/settings
35,3,4,0,0,0,0,0,1,0,2,0,0,2,0.8,1,1,http://192.168.100.163/login/paypal
19,1,2,0,0,0,0,1,0,0,0,0,0,1,0.0,0,0,https://netflix.com
21,2,2,0,0,0,0,1,0,0,0,0,0,0,0.0,0,0,https://www.slack.com
37,3,4,0,0,0,0,0,1,0,2,0,0,1,0.8,1,1,http://192.168.214.228/login/flipkart
51,4,3,1,0,0,0,0,0,0,3,0,0,4,0.13157894736842105,0,1,http://834enk.i7l8.microsoft.suspend-alert.cf/login
19,2,2,0,0,0,0,1,0,0,0,0,0,0,0.0,0,0,https://www.zoom.us
31,2,3,0,0,0,0,1,0,0,0,0,0,0,0.0,0,0,https://www.salesforce.com/docs
31,1,3,1,0,0,0,1,0,0,0,0,0,2,0.0,0,1,https://my-microsoft.net/signin
45,1,4,1,0,0,0,1,0,0,0,1,0,3,0.0,0,0,https://microsoft.com/account/confirm-payment
45,1,4,2,0,0,0,0,0,0,0,0,0,5,0.0,0,1,http://amazon-login-verify.xyz/account/update
36,3,4,0,0,0,0,1,0,0,0,0,0,0,0.0,0,0,https://www.myntra.com/en/index.html
30,2,3,0,0,0,0,1,0,0,0,0,0,0,0.0,0,0,https://www.figma.com/products
37,2,4,0,0,0,0,1,0,0,0,0,0,0,0.0,0,0,https://www.phonepe.com/user/settings
46,1,3,1,0,0,0,1,0,0,0,0,0,1,0.0,0,0,https://swiggy.com/verify-email?token=z0s26ss6
38,3,4,0,0,0,0,0,1,0,2,0,0,2,0.8,1,1,http://192.168.127.228/login/microsoft
42,3,4,1,0,0,0,1,0,0,2,0,0,1,0.0,0,0,https://api.uidai.gov.in/v2/update-profile
37,2,4,0,0,0,0,1,0,0,0,0,0,1,0.0,0,0,https://www.netflix.com/user/settings
19,1,2,0,0,0,0,1,0,0,0,0,0,0,0.0,0,0,https://emudhra.com
45,2,3,1,0,0,0,1,0,0,1,0,0,1,0.0,0,0,https://sbi.co.in/verify-email?token=9q5fx0ty
22,2,2,0,0,0,0,1,0,0,0,0,0,0,0.0,0,0,https://www.swiggy.com
47,4,3,1,0,0,0,0,0,0,3,0,0,3,0.11764705882352941,0,1,http://e69ts8.q7iz.icici.suspend-alert.cf/login
31,1,3,0,0,0,0,1,0,0,0,0,0,2,0.0,0,1,https://amazononline.info/login
57,1,3,2,0,0,0,1,0,0,0,0,0,3,0.0,0,1,https://verify-instagram-account.club/confirm?user=dvouov
47,2,4,1,0,0,0,1,0,0,1,0,0,1,0.0,0,0,https://api.stackoverflow.com/v2/update-profile
33,3,4,0,0,0,0,1,0,0,0,0,0,0,0.0,0,0,https://www.bbc.com/en/index.html
20,1,3,0,0,0,0,0,0,0,0,1,0,0,0.0,0,1,http://bit.ly/qify16
41,2,4,1,0,0,0,1,0,0,1,0,0,2,0.0,0,0,https://sbi.co.in/account/confirm-payment
31,1,3,1,0,0,0,1,0,0,0,1,0,2,0.0,0,1,https://sbi-support.com/account
33,2,4,0,0,0,0,1,0,0,0,0,0,0,0.0,0,0,https://www.zoom.us/user/settings
47,4,3,1,0,0,0,0,0,0,3,0,0,4,0.11764705882352941,0,1,http://v69w7i.xhg9.apple.suspend-alert.cf/login
27,2,3,0,0,0,0,1,0,0,0,0,0,0,0.0,0,0,https://www.notion.so/about
31,2,3,0,0,0,0,1,0,0,0,0,0,0,0.0,0,0,https://www.myntra.com/products
30,2,3,0,0,0,0,1,0,0,1,0,0,2,0.0,0,0,https://secure.paytm.com/login
25,2,2,0,0,0,0,1,0,0,1,0,0,0,0.0,0,0,https://digilocker.gov.in
18,2,2,0,0,0,0,1,0,0,0,0,0,0,0.0,0,0,https://www.nic.in
20,1,2,0,0,0,0,1,0,0,0,1,0,0,0.0,0,0,https://flipkart.com
20,1,3,0,0,0,0,0,0,0,0,1,0,0,0.0,0,1,http://bit.ly/awq72i
35,2,3,0,0,0,0,1,0,0,1,0,0,2,0.0,0,0,https://accounts.phonepe.com/signin
35,3,4,0,0,0,0,1,0,0,0,0,0,0,0.0,0,0,https://www.paytm.com/en/index.html
47,4,3,1,0,0,0,0,0,0,3,0,0,4,0.029411764705882353,0,1,http://bzngcw.r8oy.apple.suspend-alert.cf/login
48,4,3,1,0,0,0,0,0,0,3,0,0,4,0.17142857142857143,0,1,http://x5979b.o79f.amazon.suspend-alert.cf/login
47,4,3,1,0,0,0,0,0,0,3,0,0,3,0.08823529411764706,0,1,http://0fo38w.fdri.icici.suspend-alert.cf/login
48,4,3,1,0,0,0,0,0,0,3,0,0,4,0.11428571428571428,0,1,http://fo6hed.f538.paypal.suspend-alert.cf/login
53,1,3,2,0,0,0,1,0,0,0,0,0,3,0.0,0,1,https://verify-icici-account.club/confirm?user=waouii
38,2,3,1,0,0,0,0,0,0,1,0,0,4,0.0,0,1,http://hdfcsecure.bank-update.ga/login
42,2,5,0,0,0,0,1,0,0,0,0,0,1,0.0,0,0,https://www.hdfcbank.com/blog/2026/article
49,1,3,1,0,0,0,1,0,0,0,1,0,2,0.0,0,0,https://microsoft.com/verify-email?token=5ji0msux
23,2,2,0,0,0,0,1,0,0,0,0,0,0,0.0,0,0,https://www.phonepe.com
22,2,2,0,0,0,0,1,0,0,0,1,0,0,0.0,0,0,https://www.reddit.com
20,1,3,0,0,0,0,0,0,0,0,1,0,0,0.0,0,1,http://bit.ly/z9vlmk
41,2,5,0,0,0,0,1,0,0,0,0,0,0,0.0,0,0,https://www.nytimes.com/blog/2026/article
57,1,3,2,0,0,0,1,0,0,0,0,0,4,0.0,0,1,https://verify-microsoft-account.club/confirm?user=zd7r82
36,2,3,0,0,0,0,1,0,0,1,0,0,2,0.0,0,0,https://accounts.linkedin.com/signin
32,1,3,1,0,0,0,1,0,0,0,1,0,2,0.0,0,1,https://hdfc-support.com/account
33,2,3,0,0,0,0,1,0,0,1,0,0,2,0.0,0,0,https://accounts.adobe.com/signin
39,3,4,0,0,0,0,1,0,0,0,0,0,1,0.0,0,0,https://www.icicibank.com/en/index.html
33,3,3,0,0,0,0,1,0,0,2,0,0,1,0.16666666666666666,0,1,https://sbi.com.7ma72m.net/verify
34,3,3,0,0,0,0,1,0,0,1,0,0,0,0.0,0,0,https://www.incometax.gov.in/about
35,3,4,0,0,0,0,0,1,0,2,0,0,1,0.8,1,1,http://192.168.211.224/login/google
28,3,3,0,0,0,0,1,0,0,1,0,0,0,0.0,0,0,https://www.irctc.co.in/docs
23,2,2,0,0,0,0,1,0,0,0,0,0,0,0.0,0,0,https://www.dropbox.com
39,2,5,0,0,0,0,1,0,0,0,0,0,0,0.0,0,0,https://www.notion.so/blog/2026/article
34,2,3,0,0,0,0,1,0,0,1,1,0,2,0.0,0,0,https://accounts.reddit.com/signin
32,2,3,0,0,0,0,1,0,0,0,0,0,0,0.0,0,0,https://www.emudhra.com/products
28,1,3,1,0,0,0,1,0,0,0,0,0,1,0.0,0,1,https://my-google.net/signin
35,3,3,0,0,0,0,1,0,0,1,0,0,0,0.0,0,0,https://www.digilocker.gov.in/about
20,1,3,0,0,0,0,0,0,0,0,1,0,0,0.0,0,1,http://bit.ly/ock3rb
27,2,3,0,0,0,0,1,0,0,0,0,0,0,0.0,0,0,https://www.myntra.com/help
37,2,3,1,0,0,0,0,0,0,1,0,0,3,0.0,0,1,http://paytm.secure-confirm.tk/signin
42,2,4,1,0,0,0,1,0,0,1,0,0,2,0.0,0,0,https://api.hdfcbank.com/v2/update-profile
23,2,2,0,0,0,0,1,0,0,0,0,0,1,0.0,0,0,https://www.netflix.com
33,3,4,0,0,0,0,0,1,0,2,0,0,1,0.8,1,1,http://192.168.192.113/login/hdfc
21,2,2,0,0,0,0,1,0,0,0,0,0,0,0.0,0,0,https://www.airtel.in
31,2,3,0,0,0,0,1,0,0,0,0,0,0,0.0,0,0,https://www.zomato.com/products
39,2,5,0,0,0,0,1,0,0,0,0,0,0,0.0,0,0,https://www.figma.com/blog/2026/article
28,1,3,1,0,0,0,1,0,0,0,0,0,2,0.0,0,1,https://my-amazon.net/signin
18,1,2,0,0,0,0,1,0,0,0,0,0,0,0.0,0,0,https://github.com
57,1,3,2,0,0,0,1,0,0,0,0,0,3,0.0,0,1,https://verify-instagram-account.club/confirm?user=m4g9td
20,1,3,0,0,0,0,0,0,0,0,1,0,0,0.0,0,1,http://bit.ly/rmpils
37,1,3,1,0,0,0,1,0,0,0,1,0,3,0.0,0,1,https://microsoft-support.com/account
34,2,3,0,0,0,0,1,0,0,1,0,0,3,0.0,0,0,https://secure.icicibank.com/login
24,2,3,0,0,0,0,1,0,0,0,0,0,0,0.0,0,0,https://www.bbc.com/docs
37,2,4,1,0,0,0,1,0,0,1,0,0,1,0.0,0,0,https://api.bbc.com/v2/update-profile
26,2,2,0,0,0,0,1,0,0,0,0,0,0,0.0,0,0,https://www.salesforce.com
21,2,2,0,0,0,0,1,0,0,0,0,0,0,0.0,0,0,https://www.notion.so
47,4,3,1,0,0,0,0,0,0,3,0,0,3,0.058823529411764705,0,1,http://8kuuet.c6ii.paytm.suspend-alert.cf/login
52,1,3,2,0,0,0,1,0,0,0,0,0,3,0.0,0,1,https://verify-hdfc-account.club/confirm?user=2jr184
28,1,3,1,0,0,0,1,0,0,0,0,0,2,0.0,0,1,https://my-paypal.net/signin
57,1,3,2,0,0,0,1,0,0,0,0,0,3,0.0,0,1,https://verify-instagram-account.club/confirm?user=ob2jbk
37,2,3,0,0,0,0,1,0,0,0,0,0,0,0.0,0,0,https://www.slack.com/search?q=python
32,3,4,0,0,0,0,0,1,0,2,0,0,2,0.7692307692307693,1,1,http://192.168.77.31/login/apple
43,2,3,1,0,0,0,0,0,0,1,0,0,5,0.0,0,1,http://microsoftsecure.bank-update.ga/login
33,3,4,0,0,0,0,1,0,0,0,0,0,0,0.0,0,0,https://www.zoom.us/en/index.html
27,2,3,0,0,0,0,1,0,0,0,0,0,0,0.0,0,0,https://www.google.com/docs
21,2,2,0,0,0,0,1,0,0,0,0,0,0,0.0,0,0,https://www.adobe.com
39,1,4,1,0,0,0,1,0,0,0,0,0,2,0.0,0,0,https://bbc.com/account/confirm-payment
37,2,5,0,0,0,0,1,0,0,0,0,0,0,0.0,0,0,https://www.bbc.com/blog/2026/article
54,1,3,2,0,0,0,1,0,0,0,0,0,3,0.0,0,1,https://verify-google-account.club/confirm?user=yrhn56
39,2,4,1,0,0,0,1,0,0,1,0,0,1,0.0,0,0,https://api.paytm.com/v2/update-profile
29,3,3,0,0,0,0,1,0,0,1,0,0,0,0.0,0,0,https://www.uidai.gov.in/help
36,3,3,0,0,0,0,1,0,0,2,0,0,2,0.14285714285714285,0,1,https://paypal.com.8kuk38.net/verify
28,2,3,0,0,0,0,1,0,0,0,0,0,0,0.0,0,0,https://www.nytimes.com/docs
38,3,4,0,0,0,0,0,1,0,2,0,0,1,0.8,1,1,http://192.168.107.114/login/instagram
42,2,4,1,0,0,0,1,0,0,1,0,0,1,0.0,0,0,https://api.linkedin.com/v2/update-profile
25,2,3,0,0,0,0,1,0,0,0,0,0,0,0.0,0,0,https://www.jio.com/about
34,1,3,0,0,0,0,1,0,0,0,0,0,2,0.0,0,1,https://microsoftonline.info/login
39,3,3,0,0,0,0,1,0,0,1,0,0,0,0.0,0,0,https://www.irctc.co.in/search?q=python
37,2,3,0,0,0,0,1,0,0,1,0,0,2,0.0,0,0,https://accounts.wikipedia.org/signin
37,3,4,0,0,0,0,0,1,0,2,0,0,2,0.7857142857142857,1,1,http://192.168.251.29/login/microsoft
40,2,4,1,0,0,0,1,0,0,1,0,0,1,0.0,0,0,https://api.zomato.com/v2/update-profile
46,4,3,1,0,0,0,0,0,0,3,0,0,3,0.0,0,1,http://cguird.yniz.hdfc.suspend-alert.cf/login
36,3,4,0,0,0,0,1,0,0,0,0,0,1,0.0,0,0,https://www.amazon.com/en/index.html
39,3,3,0,0,0,0,1,0,0,2,0,0,1,0.041666666666666664,0,1,https://instagram.com.vd4rxw.net/verify
47,1,3,1,0,0,0,1,0,0,0,0,0,1,0.0,0,0,https://phonepe.com/verify-email?token=wqao5io1
35,3,4,0,0,0,0,1,0,0,0,0,0,0,0.0,0,0,https://www.airtel.in/en/index.html
38,3,3,0,0,0,0,1,0,0,2,1,0,1,0.08695652173913043,0,1,https://flipkart.com.0wxi8t.net/verify
42,1,4,1,0,0,0,1,0,0,0,0,0,2,0.0,0,0,https://swiggy.com/account/confirm-payment
37,2,4,0,0,0,0,1,0,0,0,0,0,0,0.0,0,0,https://www.emudhra.com/user/settings
28,2,3,0,0,0,0,1,0,0,0,0,0,0,0.0,0,0,https://www.swiggy.com/about
57,1,3,2,0,0,0,1,0,0,0,0,0,3,0.0,0,1,https://verify-instagram-account.club/confirm?user=k29yu9
36,2,3,1,0,0,0,0,0,0,1,0,0,3,0.0,0,1,http://hdfc.secure-confirm.tk/signin
37,2,3,1,0,0,0,0,0,0,1,0,0,4,0.0,0,1,http://apple.secure-confirm.tk/signin
28,2,3,0,0,0,0,1,0,0,1,0,0,2,0.0,0,0,https://secure.zoom.us/login
56,1,3,2,0,0,0,1,0,0,0,0,0,3,0.0,0,1,https://verify-flipkart-account.club/confirm?user=3o086t
37,3,3,0,0,0,0,1,0,0,2,0,0,2,0.045454545454545456,0,1,https://netflix.com.jsyd2s.net/verify
53,1,3,2,0,0,0,1,0,0,0,0,0,3,0.0,0,1,https://verify-paytm-account.club/confirm?user=gh8nq9
53,1,3,2,0,0,0,1,0,0,0,0,0,4,0.0,0,1,https://verify-apple-account.club/confirm?user=mht6zu
34,2,3,0,0,0,0,1,0,0,0,0,0,1,0.0,0,0,https://www.icicibank.com/products
17,1,2,0,0,0,0,1,0,0,0,0,0,0,0.0,0,0,https://adobe.com
34,1,3,1,0,0,0,1,0,0,0,1,0,3,0.0,0,1,https://paypal-support.com/account
42,2,3,1,0,0,0,0,0,0,1,0,0,4,0.0,0,1,http://flipkartsecure.bank-update.ga/login
36,3,4,0,0,0,0,0,1,0,2,0,0,1,0.7692307692307693,1,1,http://192.168.64.56/login/instagram
37,2,3,1,0,0,0,0,0,0,1,0,0,3,0.0,0,1,http://icici.secure-confirm.tk/signin
20,1,3,0,0,0,0,0,0,0,0,1,0,0,0.0,0,1,http://bit.ly/v973y1
51,4,3,1,0,0,0,0,0,0,3,0,0,4,0.02631578947368421,0,1,http://5qqnib.yivd.microsoft.suspend-alert.cf/login
40,2,4,1,0,0,0,1,0,0,1,0,0,2,0.0,0,0,https://api.amazon.com/v2/update-profile
18,1,2,0,0,0,0,1,0,0,0,1,0,0,0.0,0,0,https://reddit.com
32,2,3,0,0,0,0,1,0,0,1,0,0,2,0.0,0,0,https://secure.spotify.com/login
27,1,3,1,0,0,0,1,0,0,0,0,0,1,0.0,0,1,https://my-icici.net/signin
37,1,3,1,0,0,0,1,0,0,0,1,0,2,0.0,0,1,https://instagram-support.com/account
39,2,5,0,0,0,0,1,0,0,0,0,0,1,0.0,0,0,https://www.apple.com/blog/2026/article
49,2,4,1,0,0,0,1,0,0,1,0,0,2,0.0,0,0,https://digilocker.gov.in/account/confirm-payment
42,1,4,1,0,0,0,1,0,0,0,0,0,2,0.0,0,0,https://zomato.com/account/confirm-payment
39,2,5,0,0,0,0,1,0,0,0,0,0,0,0.0,0,0,https://www.airtel.in/blog/2026/article
36,3,4,0,0,0,0,1,0,0,0,1,0,0,0.0,0,0,https://www.reddit.com/en/index.html
51,4,3,1,0,0,0,0,0,0,3,0,0,4,0.10526315789473684,0,1,http://i8t8rq.xc58.microsoft.suspend-alert.cf/login
35,3,3,0,0,0,0,1,0,0,2,0,0,1,0.0,0,1,https://icici.com.ftcqla.net/verify
36,3,3,0,0,0,0,1,0,0,2,0,0,2,0.047619047619047616,0,1,https://paypal.com.fsmzn4.net/verify
39,2,4,1,0,0,0,1,0,0,1,0,0,1,0.0,0,0,https://api.airtel.in/v2/update-profile
26,1,3,1,0,0,0,1,0,0,0,0,0,1,0.0,0,1,https://my-hdfc.net/signin
39,2,4,0,0,0,0,1,0,0,0,0,0,1,0.0,0,0,https://www.icicibank.com/user/settings
30,1,3,0,0,0,0,1,0,0,0,0,0,1,0.0,0,1,https://icicionline.info/login
41,3,5,0,0,0,0,1,0,0,1,0,0,0,0.0,0,0,https://www.irctc.co.in/blog/2026/article
53,1,3,2,0,0,0,1,0,0,0,0,0,4,0.0,0,1,https://verify-apple-account.club/confirm?user=25rfrs
47,1,3,1,0,0,0,1,0,0,0,0,0,1,0.0,0,0,https://spotify.com/verify-email?token=wiqbssgt
26,2,3,0,0,0,0,1,0,0,0,0,0,0,0.0,0,0,https://www.figma.com/help
51,4,3,1,0,0,0,0,0,0,3,0,0,3,0.02631578947368421,0,1,http://wvscsi.1tgn.instagram.suspend-alert.cf/login
30,2,3,0,0,0,0,1,0,0,0,0,0,1,0.0,0,0,https://www.icicibank.com/docs
54,1,3,2,0,0,0,1,0,0,0,0,0,4,0.0,0,1,https://verify-amazon-account.club/confirm?user=e3i78v
37,2,5,0,0,0,0,1,0,0,0,0,0,0,0.0,0,0,https://www.jio.com/blog/2026/article
38,3,3,0,0,0,0,1,0,0,2,1,0,1,0.08695652173913043,0,1,https://flipkart.com.i0zs1q.net/verify
55,1,3,2,0,0,0,1,0,0,0,0,0,4,0.0,0,1,https://verify-netflix-account.club/confirm?user=r98i37
35,2,3,0,0,0,0,1,0,0,0,0,0,0,0.0,0,0,https://www.jio.com/search?q=python
20,1,3,0,0,0,0,0,0,0,0,1,0,0,0.0,0,1,http://bit.ly/c7pv5h
48,1,4,2,0,0,0,0,0,0,0,0,0,5,0.0,0,1,http://microsoft-login-verify.xyz/account/update
43,1,4,1,0,0,0,1,0,0,0,0,0,2,0.0,0,0,https://dropbox.com/account/confirm-payment
22,2,2,0,0,0,0,1,0,0,0,0,0,0,0.0,0,0,https://www.zomato.com
26,2,3,0,0,0,0,1,0,0,0,0,0,0,0.0,0,0,https://www.slack.com/docs
25,2,3,0,0,0,0,1,0,0,0,0,0,0,0.0,0,0,https://www.zoom.us/about
34,1,3,0,0,0,0,1,0,0,0,0,0,1,0.0,0,1,https://instagramonline.info/login
46,4,3,1,0,0,0,0,0,0,3,0,0,3,0.12121212121212122,0,1,http://gpp6dd.q298.hdfc.suspend-alert.cf/login
43,4,4,0,0,0,0,1,0,0,1,0,0,0,0.0,0,0,https://www.digilocker.gov.in/en/index.html
40,2,5,0,0,0,0,1,0,0,0,0,0,1,0.0,0,0,https://www.amazon.com/blog/2026/article
20,1,3,0,0,0,0,0,0,0,0,1,0,0,0.0,0,1,http://bit.ly/jytswx
25,2,2,0,0,0,0,1,0,0,0,0,0,1,0.0,0,0,https://www.icicibank.com
29,2,3,0,0,0,0,1,0,0,0,0,0,1,0.0,0,0,https://www.hdfcbank.com/docs
40,2,3,0,0,0,0,1,0,0,0,0,0,1,0.0,0,0,https://www.hdfcbank.com/search?q=python
51,4,3,1,0,0,0,0,0,0,3,0,0,4,0.07894736842105263,0,1,http://02aq3m.ussy.microsoft.suspend-alert.cf/login
20,1,3,0,0,0,0,0,0,0,0,1,0,0,0.0,0,1,http://bit.ly/wqa447
28,2,3,0,0,0,0,1,0,0,0,0,0,1,0.0,0,0,https://www.amazon.com/about
50,4,3,1,0,0,0,0,0,0,3,0,0,3,0.05405405405405406,0,1,http://pdun4r.gjg6.flipkart.suspend-alert.cf/login
40,2,3,1,0,0,0,0,0,0,1,0,0,3,0.0,0,1,http://flipkart.secure-confirm.tk/signin
38,2,3,0,0,0,0,1,0,0,0,1,0,0,0.0,0,0,https://www.reddit.com/search?q=python
22,1,2,0,0,0,0,1,0,0,0,0,0,0,0.0,0,0,https://salesforce.com
37,2,3,0,0,0,0,1,0,0,0,0,0,0,0.0,0,0,https://www.paytm.com/search?q=python
30,2,3,0,0,0,0,1,0,0,0,0,0,0,0.0,0,0,https://www.slack.com/products
35,3,4,0,0,0,0,1,0,0,1,0,0,0,0.0,0,0,https://www.sbi.co.in/user/settings
51,4,3,1,0,0,0,0,0,0,3,0,0,3,0.05263157894736842,0,1,http://bicuzh.bf12.instagram.suspend-alert.cf/login
22,2,2,0,0,0,0,1,0,0,0,0,0,0,0.0,0,0,https://www.github.com
39,3,3,0,0,0,0,1,0,0,2,0,0,1,0.0,0,1,https://instagram.com.cgaqyc.net/verify
35,2,4,0,0,0,0,1,0,0,0,0,0,0,0.0,0,0,https://www.paytm.com/user/settings
34,2,3,0,0,0,0,1,0,0,0,0,0,0,0.0,0,0,https://www.stackoverflow.com/help
56,1,3,2,0,0,0,1,0,0,0,0,0,3,0.0,0,1,https://verify-flipkart-account.club/confirm?user=huswkk
35,3,3,0,0,0,0,1,0,0,2,0,0,1,0.1,0,1,https://icici.com.ot22cs.net/verify
30,3,3,0,0,0,0,1,0,0,1,0,0,0,0.0,0,0,https://www.sbi.co.in/products
36,3,4,0,0,0,0,0,1,0,2,0,0,1,0.7692307692307693,1,1,http://192.168.2.215/login/instagram
48,4,3,1,0,0,0,0,0,0,3,0,0,4,0.05714285714285714,0,1,http://1l1oft.nbit.amazon.suspend-alert.cf/login
20,1,3,0,0,0,0,0,0,0,0,1,0,0,0.0,0,1,http://bit.ly/xqga85
33,3,3,0,0,0,0,1,0,0,2,0,0,1,0.05555555555555555,0,1,https://sbi.com.jbbxq5.net/verify
25,2,3,0,0,0,0,1,0,0,0,0,0,0,0.0,0,0,https://www.bbc.com/about
34,2,3,0,0,0,0,1,0,0,1,0,0,3,0.0,0,0,https://accounts.amazon.com/signin
47,2,3,1,0,0,0,1,0,0,1,0,0,1,0.0,0,0,https://irctc.co.in/verify-email?token=vzmaxj8x
37,3,4,0,0,0,0,0,1,0,2,0,0,2,0.7857142857142857,1,1,http://192.168.246.32/login/microsoft
35,2,3,0,0,0,0,1,0,0,1,0,0,2,0.0,0,0,https://accounts.dropbox.com/signin
33,3,4,0,0,0,0,0,1,0,2,0,0,2,0.7692307692307693,1,1,http://192.168.46.89/login/amazon
20,1,3,0,0,0,0,0,0,0,0,1,0,0,0.0,0,1,http://bit.ly/tw56e7
45,4,3,1,0,0,0,0,0,0,3,0,0,3,0.0,0,1,http://rmwska.xgyu.sbi.suspend-alert.cf/login
36,3,3,0,0,0,0,1,0,0,2,0,0,2,0.047619047619047616,0,1,https://paypal.com.dl0wyu.net/verify
20,1,3,0,0,0,0,0,0,0,0,1,0,0,0.0,0,1,http://bit.ly/kclc0b
36,3,3,0,0,0,0,1,0,0,2,0,0,2,0.047619047619047616,0,1,https://amazon.com.5wfxtt.net/verify
43,2,3,1,0,0,0,0,0,0,1,0,0,4,0.0,0,1,http://instagramsecure.bank-update.ga/login
29,2,3,0,0,0,0,1,0,0,0,0,0,1,0.0,0,0,https://www.netflix.com/about
33,3,4,0,0,0,0,0,1,0,2,0,0,1,0.8,1,1,http://192.168.156.238/login/hdfc
23,2,2,0,0,0,0,1,0,0,0,0,0,0,0.0,0,0,https://www.nytimes.com
36,3,4,0,0,0,0,0,1,0,2,0,0,2,0.8,1,1,http://192.168.217.175/login/netflix
21,2,2,0,0,0,0,1,0,0,0,0,0,1,0.0,0,0,https://www.apple.com
57,1,3,2,0,0,0,1,0,0,0,0,0,4,0.0,0,1,https://verify-microsoft-account.club/confirm?user=fitahw
20,1,3,0,0,0,0,0,0,0,0,1,0,0,0.0,0,1,http://bit.ly/qqzmqq
45,1,3,1,0,0,0,1,0,0,0,0,0,1,0.0,0,0,https://figma.com/verify-email?token=imo0o1sz
41,2,3,1,0,0,0,0,0,0,1,0,0,3,0.0,0,1,http://instagram.secure-confirm.tk/signin
29,2,3,0,0,0,0,1,0,0,0,1,0,0,0.0,0,0,https://www.flipkart.com/help
40,2,3,1,0,0,0,0,0,0,1,0,0,5,0.0,0,1,http://paypalsecure.bank-update.ga/login
32,3,4,0,0,0,0,0,1,0,2,0,0,1,0.7857142857142857,1,1,http://192.168.11.161/login/hdfc
45,4,3,1,0,0,0,0,0,0,3,0,0,3,0.09375,0,1,http://gr070q.xygf.sbi.suspend-alert.cf/login
34,2,3,0,0,0,0,1,0,0,1,0,0,2,0.0,0,0,https://accounts.google.com/signin
53,1,3,2,0,0,0,1,0,0,0,0,0,3,0.0,0,1,https://verify-icici-account.club/confirm?user=u1a9u8
47,4,3,1,0,0,0,0,0,0,3,0,0,3,0.11764705882352941,0,1,http://9em24p.3plq.paytm.suspend-alert.cf/login
20,1,2,0,0,0,0,1,0,0,0,0,0,1,0.0,0,0,https://hdfcbank.com
44,1,4,2,0,0,0,0,0,0,0,0,0,5,0.0,0,1,http://apple-login-verify.xyz/account/update
38,2,3,0,0,0,0,1,0,0,1,0,0,2,0.0,0,0,https://accounts.salesforce.com/signin
27,2,3,0,0,0,0,1,0,0,0,0,0,0,0.0,0,0,https://www.adobe.com/about
57,1,3,2,0,0,0,1,0,0,0,0,0,3,0.0,0,1,https://verify-instagram-account.club/confirm?user=gous2y
43,1,3,1,0,0,0,1,0,0,0,0,0,1,0.0,0,0,https://bbc.com/verify-email?token=o4o2zbto
22,2,2,0,0,0,0,1,0,0,0,0,0,0,0.0,0,0,https://www.google.com
51,1,3,2,0,0,0,1,0,0,0,0,0,3,0.0,0,1,https://verify-sbi-account.club/confirm?user=ntvk0c
57,1,3,2,0,0,0,1,0,0,0,0,0,3,0.0,0,1,https://verify-instagram-account.club/confirm?user=qvzyqm
35,3,3,0,0,0,0,1,0,0,2,0,0,2,0.05,0,1,https://apple.com.yjn3yn.net/verify
36,3,3,0,0,0,0,1,0,0,2,0,0,2,0.14285714285714285,0,1,https://amazon.com.fh26c8.net/verify
19,1,2,0,0,0,0,1,0,0,0,0,0,0,0.0,0,0,https://phonepe.com
41,2,4,1,0,0,0,1,0,0,1,0,0,1,0.0,0,0,https://api.dropbox.com/v2/update-profile
47,4,3,1,0,0,0,0,0,0,3,0,0,3,0.08823529411764706,0,1,http://wo17b5.wvyv.paytm.suspend-alert.cf/login
34,3,3,0,0,0,0,1,0,0,1,0,0,0,0.0,0,0,https://www.digilocker.gov.in/help
27,2,3,0,0,0,0,1,0,0,0,0,0,0,0.0,0,0,https://www.slack.com/about
19,2,2,0,0,0,0,1,0,0,0,0,0,0,0.0,0,0,https://www.jio.com
39,2,4,0,0,0,0,1,0,0,0,1,0,1,0.0,0,0,https://www.microsoft.com/user/settings
52,2,3,1,0,0,0,1,0,0,1,0,0,1,0.0,0,0,https://incometax.gov.in/verify-email?token=k6k06u4b
49,4,3,1,0,0,0,0,0,0,3,0,0,4,0.027777777777777776,0,1,http://bmkwp4.kphd.netflix.suspend-alert.cf/login
30,2,3,0,0,0,0,1,0,0,0,0,0,1,0.0,0,0,https://www.hdfcbank.com/about
35,2,4,0,0,0,0,1,0,0,0,0,0,0,0.0,0,0,https://www.adobe.com/user/settings
34,2,3,0,0,0,0,1,0,0,1,0,0,2,0.0,0,0,https://accounts.swiggy.com/signin
30,2,3,0,0,0,0,1,0,0,0,1,0,1,0.0,0,0,https://www.microsoft.com/docs
15,1,2,0,0,0,0,1,0,0,0,0,0,0,0.0,0,0,https://zoom.us
26,2,3,0,0,0,0,1,0,0,0,0,0,0,0.0,0,0,https://www.notion.so/docs
31,1,3,1,0,0,0,1,0,0,0,0,0,1,0.0,0,1,https://my-instagram.net/signin
45,4,3,1,0,0,0,0,0,0,3,0,0,3,0.125,0,1,http://b8p96d.6nut.sbi.suspend-alert.cf/login
30,2,3,0,0,0,0,1,0,0,0,1,0,1,0.0,0,0,https://www.microsoft.com/help
29,2,3,0,0,0,0,1,0,0,0,0,0,0,0.0,0,0,https://www.nytimes.com/about
34,1,3,1,0,0,0,1,0,0,0,1,0,3,0.0,0,1,https://amazon-support.com/account
31,1,3,0,0,0,0,1,0,0,0,0,0,1,0.0,0,1,https://googleonline.info/login
37,2,3,1,0,0,0,0,0,0,1,0,0,4,0.0,0,1,http://sbisecure.bank-update.ga/login
54,1,3,2,0,0,0,1,0,0,0,0,0,4,0.0,0,1,https://verify-paypal-account.club/confirm?user=laznk9
27,2,3,0,0,0,0,1,0,0,0,0,0,0,0.0,0,0,https://www.zomato.com/help
34,1,3,1,0,0,0,1,0,0,0,1,0,2,0.0,0,1,https://google-support.com/account
35,2,3,1,0,0,0,0,0,0,1,0,0,3,0.0,0,1,http://sbi.secure-confirm.tk/signin
43,3,4,0,0,0,0,1,0,0,0,0,0,0,0.0,0,0,https://www.stackoverflow.com/en/index.html
50,4,3,1,0,0,0,0,0,0,3,0,0,3,0.08108108108108109,0,1,http://cjuplb.x833.flipkart.suspend-alert.cf/login
40,2,5,0,0,0,0,1,0,0,0,0,0,0,0.0,0,0,https://www.google.com/blog/2026/article
26,2,3,0,0,0,0,1,0,0,0,0,0,0,0.0,0,0,https://www.paytm.com/docs
33,3,3,0,0,0,0,1,0,0,1,0,0,0,0.0,0,0,https://www.incometax.gov.in/docs
27,2,3,0,0,0,0,1,0,0,0,0,0,1,0.0,0,0,https://www.amazon.com/docs
33,3,3,0,0,0,0,1,0,0,2,0,0,2,0.0,0,0,https://accounts.sbi.co.in/signin
20,1,3,0,0,0,0,0,0,0,0,1,0,0,0.0,0,1,http://bit.ly/8q8st9
40,2,4,1,0,0,0,1,0,0,1,0,0,1,0.0,0,0,https://api.myntra.com/v2/update-profile
40,2,3,0,0,0,0,1,0,0,0,1,0,0,0.0,0,0,https://www.flipkart.com/search?q=python
45,1,4,2,0,0,0,0,0,0,0,0,0,5,0.0,0,1,http://paypal-login-verify.xyz/account/update
27,2,3,0,0,0,0,1,0,0,0,0,0,0,0.0,0,0,https://www.google.com/help
47,4,3,1,0,0,0,0,0,0,3,0,0,3,0.17647058823529413,0,1,http://1t6j56.b66m.icici.suspend-alert.cf/login
28,2,3,0,0,0,0,1,0,0,0,0,0,0,0.0,0,0,https://www.dropbox.com/docs
57,1,3,2,0,0,0,1,0,0,0,0,0,4,0.0,0,1,https://verify-microsoft-account.club/confirm?user=od2vym
47,4,3,1,0,0,0,0,0,0,3,0,0,3,0.029411764705882353,0,1,http://hyrylo.zz5j.icici.suspend-alert.cf/login
41,3,4,1,0,0,0,1,0,0,2,0,0,1,0.0,0,0,https://api.irctc.co.in/v2/update-profile
45,1,4,1,0,0,0,1,0,0,0,0,0,3,0.0,0,0,https://icicibank.com/account/confirm-payment
31,2,3,0,0,0,0,1,0,0,1,0,0,2,0.0,0,0,https://secure.myntra.com/login
29,2,2,0,0,0,0,1,0,0,0,0,0,0,0.0,0,0,https://www.stackoverflow.com
39,2,4,0,0,0,0,1,0,0,0,0,0,0,0.0,0,0,https://www.wikipedia.org/user/settings
36,3,4,0,0,0,0,1,0,0,0,0,0,0,0.0,0,0,https://www.swiggy.com/en/index.html
48,1,4,2,0,0,0,0,0,0,0,0,0,4,0.0,0,1,http://instagram-login-verify.xyz/account/update
46,1,4,2,0,0,0,0,0,0,0,0,0,5,0.0,0,1,http://netflix-login-verify.xyz/account/update
24,2,3,0,0,0,0,1,0,0,0,0,0,0,0.0,0,0,https://www.nic.in/about
27,1,3,1,0,0,0,1,0,0,0,0,0,2,0.0,0,1,https://my-apple.net/signin
33,3,4,0,0,0,0,0,1,0,2,0,0,1,0.7692307692307693,1,1,http://192.168.49.94/login/google
47,2,5,0,0,0,0,1,0,0,0,0,0,0,0.0,0,0,https://www.stackoverflow.com/blog/2026/article
33,2,3,0,0,0,0,1,0,0,1,0,0,2,0.0,0,0,https://secure.linkedin.com/login
24,2,2,0,0,0,0,1,0,0,0,0,0,1,0.0,0,0,https://www.hdfcbank.com
55,1,3,2,0,0,0,1,0,0,0,0,0,4,0.0,0,1,https://verify-netflix-account.club/confirm?user=3x3v1g
20,1,3,0,0,0,0,0,0,0,0,1,0,0,0.0,0,1,http://bit.ly/mmv1vs
35,2,3,0,0,0,0,1,0,0,1,0,0,2,0.0,0,0,https://accounts.emudhra.com/signin
38,1,4,1,0,0,0,1,0,0,0,0,0,2,0.0,0,0,https://nic.in/account/confirm-payment
30,2,3,0,0,0,0,1,0,0,0,0,0,0,0.0,0,0,https://www.airtel.in/products
40,2,3,1,0,0,0,0,0,0,1,0,0,5,0.0,0,1,http://amazonsecure.bank-update.ga/login
37,2,4,1,0,0,0,1,0,0,1,0,0,1,0.0,0,0,https://api.zoom.us/v2/update-profile
21,2,2,0,0,0,0,1,0,0,0,0,0,0,0.0,0,0,https://www.figma.com
31,2,3,0,0,0,0,1,0,0,1,0,0,2,0.0,0,0,https://secure.swiggy.com/login
20,1,3,0,0,0,0,0,0,0,0,1,0,0,0.0,0,1,http://bit.ly/wcjyhk
45,1,4,1,0,0,0,1,0,0,0,0,0,2,0.0,0,0,https://wikipedia.org/account/confirm-payment
17,1,2,0,0,0,0,1,0,0,0,0,0,0,0.0,0,0,https://figma.com
39,3,4,0,0,0,0,1,0,0,0,1,0,1,0.0,0,0,https://www.microsoft.com/en/index.html
20,1,3,0,0,0,0,0,0,0,0,1,0,0,0.0,0,1,http://bit.ly/1eeuld
54,1,3,2,0,0,0,1,0,0,0,0,0,3,0.0,0,1,https://verify-google-account.club/confirm?user=6rak1y
24,2,2,0,0,0,0,1,0,0,0,1,0,0,0.0,0,0,https://www.flipkart.com
51,4,3,1,0,0,0,0,0,0,3,0,0,3,0.05263157894736842,0,1,http://ymfi9t.rud6.instagram.suspend-alert.cf/login
41,1,4,1,0,0,0,1,0,0,0,0,0,2,0.0,0,0,https://paytm.com/account/confirm-payment
51,4,3,1,0,0,0,0,0,0,3,0,0,3,0.05263157894736842,0,1,http://cx5vwb.0bzq.instagram.suspend-alert.cf/login
45,1,3,1,0,0,0,1,0,0,0,0,0,1,0.0,0,0,https://paytm.com/verify-email?token=fm9vrl3g
33,3,3,0,0,0,0,1,0,0,2,0,0,1,0.05555555555555555,0,1,https://sbi.com.xn7lvf.net/verify
36,2,4,0,0,0,0,1,0,0,0,0,0,0,0.0,0,0,https://www.github.com/user/settings
39,2,3,1,0,0,0,0,0,0,1,0,0,4,0.0,0,1,http://paytmsecure.bank-update.ga/login
38,2,4,0,0,0,0,1,0,0,0,0,0,1,0.0,0,0,https://www.hdfcbank.com/user/settings
23,3,2,0,0,0,0,1,0,0,1,0,0,0,0.0,0,0,https://www.irctc.co.in
20,1,3,0,0,0,0,0,0,0,0,1,0,0,0.0,0,1,http://bit.ly/dun4nf
48,4,3,1,0,0,0,0,0,0,3,0,0,4,0.11428571428571428,0,1,http://r2f52b.ws4e.amazon.suspend-alert.cf/login
56,1,3,2,0,0,0,1,0,0,0,0,0,3,0.0,0,1,https://verify-flipkart-account.club/confirm?user=pau3m7
34,3,3,0,0,0,0,1,0,0,2,0,0,1,0.0,0,1,https://hdfc.com.slpjyt.net/verify
44,1,4,2,0,0,0,0,0,0,0,0,0,4,0.0,0,1,http://paytm-login-verify.xyz/account/update
51,4,3,1,0,0,0,0,0,0,3,0,0,3,0.0,0,1,http://cnkrlw.lmys.instagram.suspend-alert.cf/login
35,2,3,0,0,0,0,1,0,0,1,0,0,3,0.0,0,0,https://accounts.netflix.com/signin
17,2,2,0,0,0,0,1,0,0,1,0,0,0,0.0,0,0,https://sbi.co.in
42,1,4,2,0,0,0,0,0,0,0,0,0,4,0.0,0,1,http://sbi-login-verify.xyz/account/update
39,1,4,1,0,0,0,1,0,0,0,0,0,2,0.0,0,0,https://jio.com/account/confirm-payment
28,2,3,0,0,0,0,1,0,0,1,0,0,2,0.0,0,0,https://secure.jio.com/login
47,4,3,1,0,0,0,0,0,0,3,0,0,3,0.029411764705882353,0,1,http://qe4ecw.jjsq.paytm.suspend-alert.cf/login
35,3,3,0,0,0,0,1,0,0,2,0,0,2,0.2,0,1,https://apple.com.j19m59.net/verify
37,3,4,0,0,0,0,0,1,0,2,0,0,2,0.7857142857142857,1,1,http://192.168.112.24/login/microsoft
36,3,3,0,0,0,0,1,0,0,2,0,0,2,0.0,0,0,https://accounts.uidai.gov.in/signin
17,1,2,0,0,0,0,1,0,0,0,0,0,0,0.0,0,0,https://airtel.in
39,2,5,0,0,0,0,1,0,0,0,0,0,0,0.0,0,0,https://www.slack.com/blog/2026/article
20,1,3,0,0,0,0,0,0,0,0,1,0,0,0.0,0,1,http://bit.ly/vqdyua
38,3,3,0,0,0,0,1,0,0,2,1,0,1,0.0,0,1,https://flipkart.com.lttids.net/verify
20,1,3,0,0,0,0,0,0,0,0,1,0,0,0.0,0,1,http://bit.ly/vi2wm5
31,2,3,0,0,0,0,1,0,0,1,0,0,2,0.0,0,0,https://accounts.bbc.com/signin
47,4,3,1,0,0,0,0,0,0,3,0,0,3,0.08823529411764706,0,1,http://lr83x3.nfcp.paytm.suspend-alert.cf/login
51,4,3,1,0,0,0,0,0,0,3,0,0,3,0.05263157894736842,0,1,http://2jl3ae.thla.instagram.suspend-alert.cf/login
45,1,3,1,0,0,0,1,0,0,0,0,0,1,0.0,0,0,https://airtel.in/verify-email?token=kra8841a
52,1,3,2,0,0,0,1,0,0,0,0,0,3,0.0,0,1,https://verify-hdfc-account.club/confirm?user=dz5969
24,2,3,0,0,0,0,1,0,0,0,0,0,0,0.0,0,0,https://www.zoom.us/help
20,1,3,0,0,0,0,0,0,0,0,1,0,0,0.0,0,1,http://bit.ly/1i1f2q
33,3,4,0,0,0,0,0,1,0,2,0,0,2,0.7692307692307693,1,1,http://192.168.29.96/login/paypal
24,2,2,0,0,0,0,1,0,0,1,0,0,0,0.0,0,0,https://incometax.gov.in
35,3,3,0,0,0,0,1,0,0,2,0,0,1,0.0,0,1,https://icici.com.gqblrk.net/verify
54,1,3,2,0,0,0,1,0,0,0,0,0,4,0.0,0,1,https://verify-amazon-account.club/confirm?user=0ofnki
15,1,2,0,0,0,0,1,0,0,0,0,0,0,0.0,0,0,https://bbc.com
19,2,2,0,0,0,0,1,0,0,1,0,0,0,0.0,0,0,https://irctc.co.in
43,1,4,1,0,0,0,1,0,0,0,0,0,2,0.0,0,0,https://emudhra.com/account/confirm-payment
33,2,3,0,0,0,0,1,0,0,0,0,0,1,0.0,0,0,https://www.hdfcbank.com/products
39,2,3,0,0,0,0,1,0,0,0,0,0,1,0.0,0,0,https://www.netflix.com/search?q=python
47,4,3,1,0,0,0,0,0,0,3,0,0,4,0.11764705882352941,0,1,http://6xkh9t.8y8y.apple.suspend-alert.cf/login
20,1,3,0,0,0,0,0,0,0,0,1,0,0,0.0,0,1,http://bit.ly/b33ljk
37,2,4,0,0,0,0,1,0,0,0,0,0,0,0.0,0,0,https://www.spotify.com/user/settings
49,1,3,1,0,0,0,1,0,0,0,0,0,2,0.0,0,0,https://icicibank.com/verify-email?token=gymujiob
28,2,3,0,0,0,0,1,0,0,0,0,0,0,0.0,0,0,https://www.emudhra.com/help
45,4,3,1,0,0,0,0,0,0,3,0,0,3,0.03125,0,1,http://5ktxog.uznu.sbi.suspend-alert.cf/login
39,3,3,0,0,0,0,1,0,0,2,0,0,1,0.125,0,1,https://instagram.com.xy55e9.net/verify
39,2,5,0,0,0,0,1,0,0,0,0,0,0,0.0,0,0,https://www.paytm.com/blog/2026/article
46,3,5,0,0,0,0,1,0,0,1,0,0,0,0.0,0,0,https://www.incometax.gov.in/blog/2026/article
28,3,3,0,0,0,0,1,0,0,1,0,0,0,0.0,0,0,https://www.irctc.co.in/help
50,1,3,1,0,0,0,1,0,0,0,0,0,1,0.0,0,0,https://salesforce.com/verify-email?token=z3pgp8pl
30,2,3,0,0,0,0,1,0,0,1,0,0,2,0.0,0,0,https://secure.figma.com/login
29,3,3,0,0,0,0,1,0,0,1,0,0,0,0.0,0,0,https://www.uidai.gov.in/docs
35,3,4,0,0,0,0,0,1,0,2,0,0,1,0.7692307692307693,1,1,http://192.168.65.74/login/flipkart
39,1,4,1,0,0,0,1,0,0,0,0,0,2,0.0,0,0,https://zoom.us/account/confirm-payment
36,2,4,0,0,0,0,1,0,0,0,0,0,0,0.0,0,0,https://www.swiggy.com/user/settings
33,3,3,0,0,0,0,1,0,0,2,0,0,1,0.05555555555555555,0,1,https://sbi.com.vcfo0j.net/verify
28,2,3,0,0,0,0,1,0,0,1,0,0,2,0.0,0,0,https://secure.bbc.com/login
51,1,3,2,0,0,0,1,0,0,0,0,0,3,0.0,0,1,https://verify-sbi-account.club/confirm?user=3sqs1z
46,1,3,1,0,0,0,1,0,0,0,0,0,2,0.0,0,0,https://amazon.com/verify-email?token=ym8wib4b
20,1,3,0,0,0,0,0,0,0,0,1,0,0,0.0,0,1,http://bit.ly/48q1sw
35,2,3,0,0,0,0,1,0,0,1,0,0,2,0.0,0,0,https://secure.salesforce.com/login
35,2,3,0,0,0,0,1,0,0,1,0,0,2,0.0,0,0,https://accounts.spotify.com/signin
26,2,3,0,0,0,0,1,0,0,0,0,0,0,0.0,0,0,https://www.paytm.com/help
46,3,4,1,0,0,0,1,0,0,2,0,0,1,0.0,0,0,https://api.incometax.gov.in/v2/update-profile
32,2,3,0,0,0,0,1,0,0,1,0,0,2,0.0,0,0,https://secure.nytimes.com/login
33,3,4,0,0,0,0,1,0,0,0,0,0,0,0.0,0,0,https://www.jio.com/en/index.html
35,3,4,0,0,0,0,0,1,0,2,0,0,1,0.8,1,1,http://192.168.133.250/login/google
33,2,3,0,0,0,0,1,0,0,1,0,0,2,0.0,0,0,https://accounts.notion.so/signin
43,1,4,1,0,0,0,1,0,0,0,0,0,2,0.0,0,0,https://nytimes.com/account/confirm-payment
41,2,4,1,0,0,0,1,0,0,1,0,0,1,0.0,0,0,https://api.nytimes.com/v2/update-profile
38,3,4,0,0,0,0,0,1,0,2,0,0,2,0.8,1,1,http://192.168.222.135/login/microsoft
47,1,3,1,0,0,0,1,0,0,0,0,0,1,0.0,0,0,https://phonepe.com/verify-email?token=ren13dty
47,1,3,1,0,0,0,1,0,0,0,0,0,1,0.0,0,0,https://dropbox.com/verify-email?token=1kyujosv
55,1,3,2,0,0,0,1,0,0,0,0,0,4,0.0,0,1,https://verify-netflix-account.club/confirm?user=xctoy3
53,1,3,2,0,0,0,1,0,0,0,0,0,3,0.0,0,1,https://verify-icici-account.club/confirm?user=k8hcnm
39,2,5,0,0,0,0,1,0,0,0,0,0,0,0.0,0,0,https://www.adobe.com/blog/2026/article
57,1,3,2,0,0,0,1,0,0,0,0,0,4,0.0,0,1,https://verify-microsoft-account.club/confirm?user=b5m0q4
38,3,3,0,0,0,0,1,0,0,2,1,0,1,0.0,0,1,https://flipkart.com.xakudg.net/verify
29,1,3,0,0,0,0,1,0,0,0,0,0,1,0.0,0,1,https://hdfconline.info/login
17,1,2,0,0,0,0,1,0,0,0,0,0,1,0.0,0,0,https://apple.com
30,2,3,0,0,0,0,1,0,0,0,0,0,1,0.0,0,0,https://www.icicibank.com/help
38,2,3,0,0,0,0,1,0,0,0,0,0,0,0.0,0,0,https://www.google.com/search?q=python
34,3,4,0,0,0,0,0,1,0,2,0,0,1,0.8,1,1,http://192.168.219.107/login/icici
49,4,3,1,0,0,0,0,0,0,3,0,0,4,0.05555555555555555,0,1,http://faelz7.nz0i.netflix.suspend-alert.cf/login
43,1,3,1,0,0,0,1,0,0,0,0,0,1,0.0,0,0,https://jio.com/verify-email?token=99d9rprv
51,1,3,2,0,0,0,1,0,0,0,0,0,3,0.0,0,1,https://verify-sbi-account.club/confirm?user=rbd369
21,2,2,0,0,0,0,1,0,0,0,0,0,0,0.0,0,0,https://www.paytm.com
52,1,3,2,0,0,0,1,0,0,0,0,0,3,0.0,0,1,https://verify-hdfc-account.club/confirm?user=pe8lyu
35,2,4,0,0,0,0,1,0,0,0,0,0,0,0.0,0,0,https://www.airtel.in/user/settings
47,4,3,1,0,0,0,0,0,0,3,0,0,4,0.11764705882352941,0,1,http://07a5y2.gctt.apple.suspend-alert.cf/login
35,4,4,0,0,0,0,1,0,0,1,0,0,0,0.0,0,0,https://www.sbi.co.in/en/index.html
29,2,3,0,0,0,0,1,0,0,0,0,0,0,0.0,0,0,https://www.linkedin.com/docs
42,1,4,1,0,0,0,1,0,0,0,0,0,3,0.0,0,0,https://amazon.com/account/confirm-payment
39,3,5,0,0,0,0,1,0,0,1,0,0,0,0.0,0,0,https://www.sbi.co.in/blog/2026/article
38,3,3,0,0,0,0,1,0,0,2,1,0,1,0.043478260869565216,0,1,https://flipkart.com.xd1oac.net/verify
48,4,3,1,0,0,0,0,0,0,3,0,0,3,0.08571428571428572,0,1,http://ou8b0b.8rnt.google.suspend-alert.cf/login
17,1,2,0,0,0,0,1,0,0,0,0,0,0,0.0,0,0,https://notion.so
38,3,4,0,0,0,0,1,0,0,1,0,0,0,0.0,0,0,https://www.uidai.gov.in/user/settings
35,3,3,0,0,0,0,1,0,0,2,0,0,2,0.0,0,0,https://accounts.irctc.co.in/signin
41,2,5,0,0,0,0,1,0,0,0,0,0,0,0.0,0,0,https://www.emudhra.com/blog/2026/article
52,1,3,2,0,0,0,1,0,0,0,0,0,3,0.0,0,1,https://verify-hdfc-account.club/confirm?user=p3w1et
32,1,3,0,0,0,0,1,0,0,0,0,0,2,0.0,0,1,https://netflixonline.info/login
41,2,4,1,0,0,0,1,0,0,1,0,0,1,0.0,0,0,https://api.emudhra.com/v2/update-profile
45,1,3,1,0,0,0,1,0,0,0,0,0,1,0.0,0,0,https://figma.com/verify-email?token=ysekohsw
33,3,4,0,0,0,0,0,1,0,2,0,0,1,0.7857142857142857,1,1,http://192.168.52.226/login/paytm
29,1,3,1,0,0,0,1,0,0,0,0,0,2,0.0,0,1,https://my-netflix.net/signin
47,4,3,1,0,0,0,0,0,0,3,0,0,3,0.058823529411764705,0,1,http://bx70ah.wfvy.paytm.suspend-alert.cf/login
38,3,3,0,0,0,0,1,0,0,2,1,0,1,0.08695652173913043,0,1,https://flipkart.com.t8ei2f.net/verify
53,1,3,2,0,0,0,1,0,0,0,0,0,3,0.0,0,1,https://verify-icici-account.club/confirm?user=x4zetk
34,3,3,0,0,0,0,1,0,0,2,0,0,1,0.15789473684210525,0,1,https://hdfc.com.w7m29v.net/verify
48,1,3,1,0,0,0,1,0,0,0,0,0,1,0.0,0,0,https://linkedin.com/verify-email?token=h6guhuth
44,2,4,1,0,0,0,1,0,0,1,0,0,1,0.0,0,0,https://api.salesforce.com/v2/update-profile
35,2,4,0,0,0,0,1,0,0,0,0,0,0,0.0,0,0,https://www.figma.com/user/settings
20,1,3,0,0,0,0,0,0,0,0,1,0,0,0.0,0,1,http://bit.ly/atvkmc
39,2,3,0,0,0,0,1,0,0,0,0,0,0,0.0,0,0,https://www.spotify.com/search?q=python
46,4,3,1,0,0,0,0,0,0,3,0,0,3,0.09090909090909091,0,1,http://07kluk.1eqt.hdfc.suspend-alert.cf/login
26,2,3,0,0,0,0,1,0,0,0,0,0,1,0.0,0,0,https://www.apple.com/docs
18,1,2,0,0,0,0,1,0,0,0,0,0,0,0.0,0,0,https://zomato.com
47,1,3,1,0,0,0,1,0,0,0,0,0,2,0.0,0,0,https://netflix.com/verify-email?token=j7ch4kgb
44,1,4,1,0,0,0,1,0,0,0,1,0,2,0.0,0,0,https://flipkart.com/account/confirm-payment
38,2,4,0,0,0,0,1,0,0,0,1,0,0,0.0,0,0,https://www.flipkart.com/user/settings
48,4,3,1,0,0,0,0,0,0,3,0,0,3,0.0,0,1,http://vbxhkm.qhur.google.suspend-alert.cf/login
37,3,4,0,0,0,0,1,0,0,0,0,0,1,0.0,0,0,https://www.netflix.com/en/index.html
28,1,3,0,0,0,0,1,0,0,0,0,0,1,0.0,0,1,https://sbionline.info/login
37,2,3,0,0,0,0,1,0,0,1,0,0,3,0.0,0,0,https://accounts.icicibank.com/signin
51,1,3,2,0,0,0,1,0,0,0,0,0,3,0.0,0,1,https://verify-sbi-account.club/confirm?user=omsflq
18,1,2,0,0,0,0,1,0,0,0,0,0,1,0.0,0,0,https://amazon.com
47,3,5,0,0,0,0,1,0,0,1,0,0,0,0.0,0,0,https://www.digilocker.gov.in/blog/2026/article
20,1,3,0,0,0,0,0,0,0,0,1,0,0,0.0,0,1,http://bit.ly/ndk450
43,2,4,1,0,0,0,1,0,0,1,1,0,2,0.0,0,0,https://api.microsoft.com/v2/update-profile
43,1,4,2,0,0,0,0,0,0,0,0,0,4,0.0,0,1,http://hdfc-login-verify.xyz/account/update
35,2,4,0,0,0,0,1,0,0,0,0,0,0,0.0,0,0,https://www.slack.com/user/settings
32,2,3,0,0,0,0,1,0,0,0,0,0,0,0.0,0,0,https://www.spotify.com/products
33,1,3,0,0,0,0,1,0,0,0,0,0,1,0.0,0,1,https://flipkartonline.info/login
37,3,3,0,0,0,0,1,0,0,2,0,0,2,0.09090909090909091,0,1,https://netflix.com.2eiba3.net/verify
31,3,4,0,0,0,0,0,1,0,2,0,0,1,0.7857142857142857,1,1,http://192.168.142.36/login/sbi
48,1,3,1,0,0,0,1,0,0,0,1,0,1,0.0,0,0,https://flipkart.com/verify-email?token=l2cz3izb
36,2,4,0,0,0,0,1,0,0,0,0,0,0,0.0,0,0,https://www.google.com/user/settings
26,2,3,0,0,0,0,1,0,0,0,0,0,0,0.0,0,0,https://www.slack.com/help
32,2,4,0,0,0,0,1,0,0,0,0,0,0,0.0,0,0,https://www.nic.in/user/settings
33,2,3,0,0,0,0,1,0,0,1,0,0,2,0.0,0,0,https://accounts.figma.com/signin
41,2,4,1,0,0,0,1,0,0,1,0,0,1,0.0,0,0,https://api.phonepe.com/v2/update-profile
43,1,4,1,0,0,0,1,0,0,0,0,0,3,0.0,0,0,https://netflix.com/account/confirm-payment
29,3,2,0,0,0,0,1,0,0,1,0,0,0,0.0,0,0,https://www.digilocker.gov.in
37,4,4,0,0,0,0,1,0,0,1,0,0,0,0.0,0,0,https://www.irctc.co.in/en/index.html
30,2,3,0,0,0,0,1,0,0,1,0,0,2,0.0,0,0,https://secure.slack.com/login
17,1,2,0,0,0,0,1,0,0,0,0,0,0,0.0,0,0,https://slack.com
57,1,3,2,0,0,0,1,0,0,0,0,0,3,0.0,0,1,https://verify-instagram-account.club/confirm?user=ba9z2u
52,1,3,2,0,0,0,1,0,0,0,0,0,3,0.0,0,1,https://verify-hdfc-account.club/confirm?user=i5kh6w
26,3,3,0,0,0,0,1,0,0,1,0,0,0,0.0,0,0,https://www.sbi.co.in/docs
48,4,3,1,0,0,0,0,0,0,3,0,0,4,0.02857142857142857,0,1,http://yvms9l.slig.amazon.suspend-alert.cf/login
30,2,3,0,0,0,0,1,0,0,0,0,0,0,0.0,0,0,https://www.linkedin.com/about
46,1,3,1,0,0,0,1,0,0,0,0,0,2,0.0,0,0,https://amazon.com/verify-email?token=p339cvvl
47,1,3,1,0,0,0,1,0,0,0,0,0,1,0.0,0,0,https://emudhra.com/verify-email?token=zng6ztcd
22,2,2,0,0,0,0,1,0,0,0,0,0,1,0.0,0,0,https://www.amazon.com
40,2,3,1,0,0,0,0,0,0,1,0,0,4,0.0,0,1,http://googlesecure.bank-update.ga/login
24,2,3,0,0,0,0,1,0,0,0,0,0,0,0.0,0,0,https://www.jio.com/docs
44,3,3,0,0,0,0,1,0,0,1,0,0,0,0.0,0,0,https://www.incometax.gov.in/search?q=python
47,1,3,1,0,0,0,1,0,0,0,0,0,1,0.0,0,0,https://emudhra.com/verify-email?token=wvdidgwb
20,1,3,0,0,0,0,0,0,0,0,1,0,0,0.0,0,1,http://bit.ly/bhgp83
29,2,3,0,0,0,0,1,0,0,0,0,0,0,0.0,0,0,https://www.phonepe.com/about
33,2,4,0,0,0,0,1,0,0,0,0,0,0,0.0,0,0,https://www.jio.com/user/settings
28,2,3,0,0,0,0,1,0,0,0,0,0,0,0.0,0,0,https://www.phonepe.com/help
25,2,2,0,0,0,0,1,0,0,0,1,0,1,0.0,0,0,https://www.microsoft.com
20,1,3,0,0,0,0,0,0,0,0,1,0,0,0.0,0,1,http://bit.ly/7j8kku
23,2,2,0,0,0,0,1,0,0,0,0,0,0,0.0,0,0,https://www.emudhra.com
55,1,3,2,0,0,0,1,0,0,0,0,0,4,0.0,0,1,https://verify-netflix-account.club/confirm?user=7o9owf
45,1,3,1,0,0,0,1,0,0,0,0,0,1,0.0,0,0,https://adobe.com/verify-email?token=9ufadkzw
21,3,2,0,0,0,0,1,0,0,1,0,0,0,0.0,0,0,https://www.sbi.co.in
43,2,5,0,0,0,0,1,0,0,0,0,0,0,0.0,0,0,https://www.wikipedia.org/blog/2026/article
27,2,3,0,0,0,0,1,0,0,0,0,0,1,0.0,0,0,https://www.apple.com/about
47,4,3,1,0,0,0,0,0,0,3,0,0,3,0.0,0,1,http://iziojx.hxpz.paytm.suspend-alert.cf/login
39,2,3,1,0,0,0,0,0,0,1,0,0,4,0.0,0,1,http://icicisecure.bank-update.ga/login
42,2,4,1,0,0,0,1,0,0,1,1,0,1,0.0,0,0,https://api.flipkart.com/v2/update-profile
28,2,3,0,0,0,0,1,0,0,0,0,0,0,0.0,0,0,https://www.spotify.com/docs
47,4,3,1,0,0,0,0,0,0,3,0,0,3,0.08823529411764706,0,1,http://2hkn38.uesn.paytm.suspend-alert.cf/login
33,3,4,0,0,0,0,0,1,0,2,0,0,1,0.7857142857142857,1,1,http://192.168.95.198/login/icici
53,1,3,2,0,0,0,1,0,0,0,0,0,3,0.0,0,1,https://verify-icici-account.club/confirm?user=ngveb0
53,1,3,2,0,0,0,1,0,0,0,0,0,3,0.0,0,1,https://verify-paytm-account.club/confirm?user=hacm1y
32,3,4,0,0,0,0,0,1,0,2,0,0,1,0.7857142857142857,1,1,http://192.168.31.136/login/hdfc
18,1,2,0,0,0,0,1,0,0,0,0,0,0,0.0,0,0,https://myntra.com
33,3,3,0,0,0,0,1,0,0,2,0,0,1,0.05555555555555555,0,1,https://sbi.com.0rwkue.net/verify
37,3,4,0,0,0,0,1,0,0,0,0,0,0,0.0,0,0,https://www.emudhra.com/en/index.html
36,3,3,0,0,0,0,1,0,0,2,0,0,1,0.09523809523809523,0,1,https://google.com.rub9o1.net/verify
39,2,3,0,0,0,0,1,0,0,0,0,0,0,0.0,0,0,https://www.dropbox.com/search?q=python
48,4,3,1,0,0,0,0,0,0,3,0,0,4,0.08571428571428572,0,1,http://qtxv2v.ij91.paypal.suspend-alert.cf/login
23,2,3,0,0,0,0,1,0,0,0,0,0,0,0.0,0,0,https://www.nic.in/docs
43,1,3,1,0,0,0,1,0,0,0,0,0,1,0.0,0,0,https://bbc.com/verify-email?token=9lbbow2q
21,1,2,0,0,0,0,1,0,0,0,0,0,0,0.0,0,0,https://wikipedia.org
45,1,3,1,0,0,0,1,0,0,0,0,0,2,0.0,0,0,https://apple.com/verify-email?token=t0gekoce
39,3,3,0,0,0,0,1,0,0,2,1,0,2,0.08333333333333333,0,1,https://microsoft.com.dx2sf6.net/verify
47,4,3,1,0,0,0,0,0,0,3,0,0,4,0.08823529411764706,0,1,http://ut2dg1.1dvl.apple.suspend-alert.cf/login
35,3,4,0,0,0,0,0,1,0,2,0,0,2,0.8,1,1,http://192.168.179.142/login/paypal
26,2,3,0,0,0,0,1,0,0,0,0,0,0,0.0,0,0,https://www.notion.so/help
18,1,2,0,0,0,0,1,0,0,0,0,0,0,0.0,0,0,https://swiggy.com
18,1,2,0,0,0,0,1,0,0,0,0,0,0,0.0,0,0,https://google.com
56,1,3,2,0,0,0,1,0,0,0,0,0,3,0.0,0,1,https://verify-flipkart-account.club/confirm?user=qlvqja
44,2,5,0,0,0,0,1,0,0,0,0,0,0,0.0,0,0,https://www.salesforce.com/blog/2026/article
35,3,3,0,0,0,0,1,0,0,2,0,0,1,0.1,0,1,https://icici.com.8nho0m.net/verify
27,2,3,0,0,0,0,1,0,0,1,0,0,2,0.0,0,0,https://secure.nic.in/login
33,2,3,0,0,0,0,1,0,0,1,0,0,2,0.0,0,0,https://accounts.slack.com/signin
33,3,4,0,0,0,0,0,1,0,2,0,0,1,0.8,1,1,http://192.168.214.118/login/hdfc
38,3,4,0,0,0,0,0,1,0,2,0,0,2,0.8,1,1,http://192.168.188.244/login/microsoft
51,1,3,2,0,0,0,1,0,0,0,0,0,3,0.0,0,1,https://verify-sbi-account.club/confirm?user=5xw5lm
48,4,3,1,0,0,0,0,0,0,3,0,0,4,0.11428571428571428,0,1,http://8rqn4x.87cz.amazon.suspend-alert.cf/login
39,3,3,0,0,0,0,1,0,0,2,0,0,1,0.125,0,1,https://instagram.com.q4ho43.net/verify
57,1,3,2,0,0,0,1,0,0,0,0,0,4,0.0,0,1,https://verify-microsoft-account.club/confirm?user=kqxe7f
20,1,3,0,0,0,0,0,0,0,0,1,0,0,0.0,0,1,http://bit.ly/psrph6
51,4,3,1,0,0,0,0,0,0,3,0,0,4,0.02631578947368421,0,1,http://lrumuh.gw5k.microsoft.suspend-alert.cf/login
19,1,2,0,0,0,0,1,0,0,0,0,0,0,0.0,0,0,https://nytimes.com
43,1,3,1,0,0,0,1,0,0,0,0,0,1,0.0,0,0,https://jio.com/verify-email?token=rnj8i8kl
37,2,3,0,0,0,0,1,0,0,0,0,0,0,0.0,0,0,https://www.notion.so/search?q=python
24,2,3,0,0,0,0,1,0,0,0,0,0,0,0.0,0,0,https://www.bbc.com/help
47,1,3,1,0,0,0,1,0,0,0,0,0,1,0.0,0,0,https://emudhra.com/verify-email?token=r2wno6yu
35,3,4,0,0,0,0,0,1,0,2,0,0,2,0.8,1,1,http://192.168.115.229/login/paypal
40,2,3,0,0,0,0,1,0,0,0,0,0,0,0.0,0,0,https://www.linkedin.com/search?q=python
40,2,4,0,0,0,0,1,0,0,0,0,0,0,0.0,0,0,https://www.salesforce.com/user/settings
34,2,3,0,0,0,0,1,0,0,0,0,0,0,0.0,0,0,https://www.stackoverflow.com/docs
33,2,4,0,0,0,0,1,0,0,0,0,0,0,0.0,0,0,https://www.bbc.com/user/settings
37,3,3,0,0,0,0,1,0,0,1,0,0,0,0.0,0,0,https://www.incometax.gov.in/products
34,3,4,0,0,0,0,0,1,0,2,0,0,2,0.7692307692307693,1,1,http://192.168.227.8/login/netflix
30,2,3,0,0,0,0,1,0,0,0,0,0,0,0.0,0,0,https://www.wikipedia.org/help
38,3,3,0,0,0,0,1,0,0,2,1,0,1,0.08695652173913043,0,1,https://flipkart.com.b3d6mt.net/verify
20,1,3,0,0,0,0,0,0,0,0,1,0,0,0.0,0,1,http://bit.ly/lzmh13
30,2,3,0,0,0,0,1,0,0,0,0,0,0,0.0,0,0,https://www.notion.so/products
35,3,3,0,0,0,0,1,0,0,2,0,0,2,0.05,0,1,https://apple.com.z3qtpg.net/verify
20,1,3,0,0,0,0,0,0,0,0,1,0,0,0.0,0,1,http://bit.ly/66scja
48,4,3,1,0,0,0,0,0,0,3,0,0,3,0.08571428571428572,0,1,http://6ymim4.kd7d.google.suspend-alert.cf/login
35,2,3,0,0,0,0,1,0,0,0,0,0,0,0.0,0,0,https://www.zoom.us/search?q=python
57,1,3,2,0,0,0,1,0,0,0,0,0,3,0.0,0,1,https://verify-instagram-account.club/confirm?user=ioyek7
20,1,3,0,0,0,0,0,0,0,0,1,0,0,0.0,0,1,http://bit.ly/c084op
53,1,3,2,0,0,0,1,0,0,0,0,0,4,0.0,0,1,https://verify-apple-account.club/confirm?user=la4de3
33,3,4,0,0,0,0,0,1,0,2,0,0,1,0.8,1,1,http://192.168.239.221/login/hdfc
54,1,3,2,0,0,0,1,0,0,0,0,0,4,0.0,0,1,https://verify-paypal-account.club/confirm?user=esd8q1
33,1,3,1,0,0,0,1,0,0,0,1,0,3,0.0,0,1,https://apple-support.com/account
34,2,3,0,0,0,0,1,0,0,1,0,0,2,0.0,0,0,https://accounts.github.com/signin
